federated-identity-for-your-office-365-dev-test-environment, 65a6d687-a16a-4415-9fd5-011ba9c5fd80, $$CURRENTPATH$/65a6d687-a16a-4415-9fd5-011ba9c5fd80, $$NEWPATH$$/SpSqBi15itpro/cloud-adoption-and-hybrid-solutions/cloud-adoption-test-lab-guides-tlgs/office-365-dev-test-environment/federated-identity-for-your-office-365-dev-test-environment
evolving-your-network-for-cloud-connectivity, 83e2859a-c673-47c4-880a-01cdfdadb93e, $$CURRENTPATH$/83e2859a-c673-47c4-880a-01cdfdadb93e, $$NEWPATH$$/SpSqBi15itpro/cloud-adoption-and-hybrid-solutions/microsoft-cloud-it-architecture-resources/microsoft-cloud-networking-for-enterprise-architects/evolving-your-network-for-cloud-connectivity
cloud-app-security-for-your-office-365-dev-test-environment, 22248f2f-b370-435e-b6ac-0ae0cae36b96, $$CURRENTPATH$/22248f2f-b370-435e-b6ac-0ae0cae36b96, $$NEWPATH$$/SpSqBi15itpro/cloud-adoption-and-hybrid-solutions/cloud-adoption-test-lab-guides-tlgs/office-365-dev-test-environment/cloud-app-security-for-your-office-365-dev-test-environment
expressroute-for-microsoft-cloud-connectivity, bf2295c4-d411-49cd-aaa5-116a4a456c5a, $$CURRENTPATH$/bf2295c4-d411-49cd-aaa5-116a4a456c5a, $$NEWPATH$$/SpSqBi15itpro/cloud-adoption-and-hybrid-solutions/microsoft-cloud-it-architecture-resources/microsoft-cloud-networking-for-enterprise-architects/expressroute-for-microsoft-cloud-connectivity
mam-policies-for-your-microsoft-365-enterprise-dev-test-environment, 1aa9639b-2862-49c4-bc33-1586dda636b8, $$CURRENTPATH$/1aa9639b-2862-49c4-bc33-1586dda636b8, $$NEWPATH$$/SpSqBi15itpro/cloud-adoption-and-hybrid-solutions/cloud-adoption-test-lab-guides-tlgs/the-microsoft-365-enterprise-dev-test-environment/mam-policies-for-your-microsoft-365-enterprise-dev-test-environment
manage-an-isolated-sharepoint-online-team-site, 79a61003-4905-4ba8-9e8a-16def7add37c, $$CURRENTPATH$/79a61003-4905-4ba8-9e8a-16def7add37c, $$NEWPATH$$/SpSqBi15itpro/cloud-adoption-and-hybrid-solutions/security-solutions/isolated-sharepoint-online-team-sites/manage-an-isolated-sharepoint-online-team-site
microsoft-security-guidance-for-political-campaigns-nonprofits-and-other-agile-o, 10d1004b-42b6-4e2b-aaa2-18ddd9118f64, $$CURRENTPATH$/10d1004b-42b6-4e2b-aaa2-18ddd9118f64, $$NEWPATH$$/SpSqBi15itpro/cloud-adoption-and-hybrid-solutions/security-solutions/microsoft-security-guidance-for-political-campaigns-nonprofits-and-other-agile-o/microsoft-security-guidance-for-political-campaigns-nonprofits-and-other-agile-o
high-availability-federated-authentication-phase-5-configure-federated-authentic, 0f1dbf52-5bff-44cc-a264-1b48641af98f, $$CURRENTPATH$/0f1dbf52-5bff-44cc-a264-1b48641af98f, $$NEWPATH$$/SpSqBi15itpro/cloud-adoption-and-hybrid-solutions/hybrid-solutions/deploy-high-availability-federated-authentication-for-office-365-in-azure/high-availability-federated-authentication-phase-5-configure-federated-authentic
enterprise-scenarios-for-the-contoso-corporation, 8f004c92-773e-4eb0-8bb5-24494ca538d3, $$CURRENTPATH$/8f004c92-773e-4eb0-8bb5-24494ca538d3, $$NEWPATH$$/SpSqBi15itpro/cloud-adoption-and-hybrid-solutions/microsoft-cloud-it-architecture-resources/contoso-in-the-microsoft-cloud/enterprise-scenarios-for-the-contoso-corporation
advanced-ediscovery-for-your-office-365-dev-test-environment, d4c49a6f-abfd-4d68-b353-259b4eefb033, $$CURRENTPATH$/d4c49a6f-abfd-4d68-b353-259b4eefb033, $$NEWPATH$$/SpSqBi15itpro/cloud-adoption-and-hybrid-solutions/cloud-adoption-test-lab-guides-tlgs/office-365-dev-test-environment/advanced-ediscovery-for-your-office-365-dev-test-environment
configure-groups-and-users-for-a-political-campaign-dev-test-environment, 0e22bcf3-bad3-42a4-b44f-276e0cf4790f, $$CURRENTPATH$/0e22bcf3-bad3-42a4-b44f-276e0cf4790f, $$NEWPATH$$/SpSqBi15itpro/cloud-adoption-and-hybrid-solutions/security-solutions/microsoft-security-guidance-for-political-campaigns-nonprofits-and-other-agile-o/configure-groups-and-users-for-a-political-campaign-dev-test-environment
the-one-microsoft-cloud-dev-test-environment, a1370fe4-2fd6-4fea-ad1d-3555433d6d2e, $$CURRENTPATH$/a1370fe4-2fd6-4fea-ad1d-3555433d6d2e, $$NEWPATH$$/SpSqBi15itpro/cloud-adoption-and-hybrid-solutions/cloud-adoption-test-lab-guides-tlgs/the-one-microsoft-cloud-dev-test-environment
data-classification-and-labeling-in-the-office-365-dev-test-environment, 919b8fc7-b0bc-46db-91f5-37342564e01b, $$CURRENTPATH$/919b8fc7-b0bc-46db-91f5-37342564e01b, $$NEWPATH$$/SpSqBi15itpro/cloud-adoption-and-hybrid-solutions/cloud-adoption-test-lab-guides-tlgs/office-365-dev-test-environment/data-classification-and-labeling-in-the-office-365-dev-test-environment
common-elements-of-microsoft-cloud-connectivity, 061d4507-7360-4029-8f4b-3d4bc6b4ade0, $$CURRENTPATH$/061d4507-7360-4029-8f4b-3d4bc6b4ade0, $$NEWPATH$$/SpSqBi15itpro/cloud-adoption-and-hybrid-solutions/microsoft-cloud-it-architecture-resources/microsoft-cloud-networking-for-enterprise-architects/common-elements-of-microsoft-cloud-connectivity
subscriptions-licenses-accounts-and-tenants-for-microsoft’s-cloud-offerings, c720cffc-f9b5-4f43-9100-422f86a1027c, $$CURRENTPATH$/c720cffc-f9b5-4f43-9100-422f86a1027c, $$NEWPATH$$/SpSqBi15itpro/cloud-adoption-and-hybrid-solutions/microsoft-cloud-it-architecture-resources/subscriptions-licenses-accounts-and-tenants-for-microsoft’s-cloud-offerings
microsoft-cloud-identity-for-enterprise-architects, d27b5085-7325-4ab9-9d9a-438908a65d2c, $$CURRENTPATH$/d27b5085-7325-4ab9-9d9a-438908a65d2c, $$NEWPATH$$/SpSqBi15itpro/cloud-adoption-and-hybrid-solutions/microsoft-cloud-it-architecture-resources/microsoft-cloud-identity-for-enterprise-architects
office-365-and-dynamics-365-dev-test-environment, 098c1a1d-83a1-40eb-bbc9-47de7af8bb23, $$CURRENTPATH$/098c1a1d-83a1-40eb-bbc9-47de7af8bb23, $$NEWPATH$$/SpSqBi15itpro/cloud-adoption-and-hybrid-solutions/cloud-adoption-test-lab-guides-tlgs/office-365-and-dynamics-365-dev-test-environment/office-365-and-dynamics-365-dev-test-environment
hybrid-cloud-scenarios-for-microsoft-saas-office-365, db117e59-389f-46f5-a5df-4eeac0040aa8, $$CURRENTPATH$/db117e59-389f-46f5-a5df-4eeac0040aa8, $$NEWPATH$$/SpSqBi15itpro/cloud-adoption-and-hybrid-solutions/microsoft-cloud-it-architecture-resources/microsoft-hybrid-cloud-for-enterprise-architects/hybrid-cloud-scenarios-for-microsoft-saas-office-365
office-365-dev-test-environment, 4f6035b8-2da3-4cf9-9657-5284d6364f7a, $$CURRENTPATH$/4f6035b8-2da3-4cf9-9657-5284d6364f7a, $$NEWPATH$$/SpSqBi15itpro/cloud-adoption-and-hybrid-solutions/cloud-adoption-test-lab-guides-tlgs/office-365-dev-test-environment/office-365-dev-test-environment
contoso-in-the-microsoft-cloud, c4a6d625-4938-42cc-87e1-56b7a13c63ef, $$CURRENTPATH$/c4a6d625-4938-42cc-87e1-56b7a13c63ef, $$NEWPATH$$/SpSqBi15itpro/cloud-adoption-and-hybrid-solutions/microsoft-cloud-it-architecture-resources/contoso-in-the-microsoft-cloud/contoso-in-the-microsoft-cloud
create-team-sites-in-a-political-campaign-dev-test-environment, c2112ce8-1c4b-424f-b200-59e161db2d21, $$CURRENTPATH$/c2112ce8-1c4b-424f-b200-59e161db2d21, $$NEWPATH$$/SpSqBi15itpro/cloud-adoption-and-hybrid-solutions/security-solutions/microsoft-security-guidance-for-political-campaigns-nonprofits-and-other-agile-o/create-team-sites-in-a-political-campaign-dev-test-environment
deploy-office-365-directory-synchronization-dirsync-in-microsoft-azure, b8464818-4325-4a56-b022-5af1dad2aa8b, $$CURRENTPATH$/b8464818-4325-4a56-b022-5af1dad2aa8b, $$NEWPATH$$/SpSqBi15itpro/cloud-adoption-and-hybrid-solutions/hybrid-solutions/deploy-office-365-directory-synchronization-dirsync-in-microsoft-azure
security-solutions, 75fa293a-b51c-42d0-ad90-5b3d9c9b0cd4, $$CURRENTPATH$/75fa293a-b51c-42d0-ad90-5b3d9c9b0cd4, $$NEWPATH$$/SpSqBi15itpro/cloud-adoption-and-hybrid-solutions/security-solutions/security-solutions
designing-networking-for-microsoft-saas, 4194020a-3847-4259-9f2d-5c556a4510f9, $$CURRENTPATH$/4194020a-3847-4259-9f2d-5c556a4510f9, $$NEWPATH$$/SpSqBi15itpro/cloud-adoption-and-hybrid-solutions/microsoft-cloud-it-architecture-resources/microsoft-cloud-networking-for-enterprise-architects/designing-networking-for-microsoft-saas
isolated-sharepoint-online-team-site-dev-test-environment, d1795031-beef-49ea-a6fc-5da5450d320d, $$CURRENTPATH$/d1795031-beef-49ea-a6fc-5da5450d320d, $$NEWPATH$$/SpSqBi15itpro/cloud-adoption-and-hybrid-solutions/security-solutions/isolated-sharepoint-online-team-sites/isolated-sharepoint-online-team-site-dev-test-environment
enroll-ios-and-android-devices-in-your-microsoft-enterprise-365-dev-test-environ, 49c7758a-1c01-4153-9b63-5eae3f6305ce, $$CURRENTPATH$/49c7758a-1c01-4153-9b63-5eae3f6305ce, $$NEWPATH$$/SpSqBi15itpro/cloud-adoption-and-hybrid-solutions/cloud-adoption-test-lab-guides-tlgs/the-microsoft-365-enterprise-dev-test-environment/enroll-ios-and-android-devices-in-your-microsoft-enterprise-365-dev-test-environ
architectural-models-for-sharepoint-exchange-skype-for-business-and-lync, 5b49fa68-f8f2-4705-af96-5f5475e8539a, $$CURRENTPATH$/5b49fa68-f8f2-4705-af96-5f5475e8539a, $$NEWPATH$$/SpSqBi15itpro/cloud-adoption-and-hybrid-solutions/architectural-models-for-sharepoint-exchange-skype-for-business-and-lync
secure-sharepoint-online-sites-and-files, 1d51bd87-17bf-457c-b698-61821de3afa0, $$CURRENTPATH$/1d51bd87-17bf-457c-b698-61821de3afa0, $$NEWPATH$$/SpSqBi15itpro/cloud-adoption-and-hybrid-solutions/security-solutions/secure-sharepoint-online-sites-and-files/secure-sharepoint-online-sites-and-files
multi-factor-authentication-for-your-office-365-dev-test-environment, e2b354b9-7f18-4da0-9107-6245eae0f33f, $$CURRENTPATH$/e2b354b9-7f18-4da0-9107-6245eae0f33f, $$NEWPATH$$/SpSqBi15itpro/cloud-adoption-and-hybrid-solutions/cloud-adoption-test-lab-guides-tlgs/office-365-dev-test-environment/multi-factor-authentication-for-your-office-365-dev-test-environment
designing-networking-for-microsoft-azure-iaas, 9cb70c9d-9ed9-47cc-af5a-6403d87d3372, $$CURRENTPATH$/9cb70c9d-9ed9-47cc-af5a-6403d87d3372, $$NEWPATH$$/SpSqBi15itpro/cloud-adoption-and-hybrid-solutions/microsoft-cloud-it-architecture-resources/microsoft-cloud-networking-for-enterprise-architects/designing-networking-for-microsoft-azure-iaas
connect-an-on-premises-network-to-a-microsoft-azure-virtual-network, 81190961-5454-4a5c-8b0e-6ae75b9fb035, $$CURRENTPATH$/81190961-5454-4a5c-8b0e-6ae75b9fb035, $$NEWPATH$$/SpSqBi15itpro/cloud-adoption-and-hybrid-solutions/hybrid-solutions/connect-an-on-premises-network-to-a-microsoft-azure-virtual-network
the-microsoft-365-enterprise-dev-test-environment, 6f916a77-301c-4be2-b407-6cec4d80df76, $$CURRENTPATH$/6f916a77-301c-4be2-b407-6cec4d80df76, $$NEWPATH$$/SpSqBi15itpro/cloud-adoption-and-hybrid-solutions/cloud-adoption-test-lab-guides-tlgs/the-microsoft-365-enterprise-dev-test-environment/the-microsoft-365-enterprise-dev-test-environment
secure-sharepoint-online-team-sites-for-sensitive-and-highly-confidential-assets, 8c088e88-a9ba-4044-bced-722196f4496d, $$CURRENTPATH$/8c088e88-a9ba-4044-bced-722196f4496d, $$NEWPATH$$/SpSqBi15itpro/cloud-adoption-and-hybrid-solutions/microsoft-cloud-it-architecture-resources/contoso-in-the-microsoft-cloud/secure-sharepoint-online-team-sites-for-sensitive-and-highly-confidential-assets
simulated-cross-premises-virtual-network-in-azure, 0a3555dc-6f96-49a5-b9e2-7760e16630b3, $$CURRENTPATH$/0a3555dc-6f96-49a5-b9e2-7760e16630b3, $$NEWPATH$$/SpSqBi15itpro/cloud-adoption-and-hybrid-solutions/cloud-adoption-test-lab-guides-tlgs/simulated-cross-premises-virtual-network-in-azure
microsoft-cloud-networking-for-enterprise-architects, 13c71689-59a9-4cdf-8175-808a20c1e879, $$CURRENTPATH$/13c71689-59a9-4cdf-8175-808a20c1e879, $$NEWPATH$$/SpSqBi15itpro/cloud-adoption-and-hybrid-solutions/microsoft-cloud-it-architecture-resources/microsoft-cloud-networking-for-enterprise-architects/microsoft-cloud-networking-for-enterprise-architects
build-from-the-ground-up, 84348d0c-d9d1-4a98-9b99-8433f9b70e45, $$CURRENTPATH$/84348d0c-d9d1-4a98-9b99-8433f9b70e45, $$NEWPATH$$/SpSqBi15itpro/cloud-adoption-and-hybrid-solutions/microsoft-cloud-it-architecture-resources/microsoft-cloud-storage-for-enterprise-architects/build-from-the-ground-up
high-availability-federated-authentication-phase-1-configure-azure, 91266aac-4d00-4b5f-b424-86a1a837792c, $$CURRENTPATH$/91266aac-4d00-4b5f-b424-86a1a837792c, $$NEWPATH$$/SpSqBi15itpro/cloud-adoption-and-hybrid-solutions/hybrid-solutions/deploy-high-availability-federated-authentication-for-office-365-in-azure/high-availability-federated-authentication-phase-1-configure-azure
contoso’s-it-infrastructure-and-needs, 5d6a58b8-bec3-4629-9737-8733c7b7ec92, $$CURRENTPATH$/5d6a58b8-bec3-4629-9737-8733c7b7ec92, $$NEWPATH$$/SpSqBi15itpro/cloud-adoption-and-hybrid-solutions/microsoft-cloud-it-architecture-resources/contoso-in-the-microsoft-cloud/contoso’s-it-infrastructure-and-needs
automate-file-collection-for-ediscovery, 8d751419-d81b-4eb7-a2e5-8b03ccbf670c, $$CURRENTPATH$/8d751419-d81b-4eb7-a2e5-8b03ccbf670c, $$NEWPATH$$/SpSqBi15itpro/cloud-adoption-and-hybrid-solutions/hybrid-solutions/automate-file-collection-for-ediscovery
overview-of-the-contoso-corporation, 1de16e29-ac2e-40b5-bf13-9301a51e16a8, $$CURRENTPATH$/1de16e29-ac2e-40b5-bf13-9301a51e16a8, $$NEWPATH$$/SpSqBi15itpro/cloud-adoption-and-hybrid-solutions/microsoft-cloud-it-architecture-resources/contoso-in-the-microsoft-cloud/overview-of-the-contoso-corporation
exchange-online-integration-for-your-office-365-and-dynamics-365-dev-test-enviro, 499c5823-427a-4ba2-8fc1-9553bc2ff2d3, $$CURRENTPATH$/499c5823-427a-4ba2-8fc1-9553bc2ff2d3, $$NEWPATH$$/SpSqBi15itpro/cloud-adoption-and-hybrid-solutions/cloud-adoption-test-lab-guides-tlgs/office-365-and-dynamics-365-dev-test-environment/exchange-online-integration-for-your-office-365-and-dynamics-365-dev-test-enviro
networking-for-the-contoso-corporation, 014b3710-e6e9-485c-8550-975d510eb2fc, $$CURRENTPATH$/014b3710-e6e9-485c-8550-975d510eb2fc, $$NEWPATH$$/SpSqBi15itpro/cloud-adoption-and-hybrid-solutions/microsoft-cloud-it-architecture-resources/contoso-in-the-microsoft-cloud/networking-for-the-contoso-corporation
deploy-sharepoint-online-sites-for-three-tiers-of-protection, 1e8e3cfd-b878-4088-b941-9940363a5fae, $$CURRENTPATH$/1e8e3cfd-b878-4088-b941-9940363a5fae, $$NEWPATH$$/SpSqBi15itpro/cloud-adoption-and-hybrid-solutions/security-solutions/secure-sharepoint-online-sites-and-files/deploy-sharepoint-online-sites-for-three-tiers-of-protection
move-in-ready, c27d9a45-92f4-4d14-affc-9a4c459910be, $$CURRENTPATH$/c27d9a45-92f4-4d14-affc-9a4c459910be, $$NEWPATH$$/SpSqBi15itpro/cloud-adoption-and-hybrid-solutions/microsoft-cloud-it-architecture-resources/microsoft-cloud-storage-for-enterprise-architects/move-in-ready
protect-sharepoint-online-files-with-azure-information-protection, 5b9c8e41-25d2-436d-89bb-9aecb9ec2b80, $$CURRENTPATH$/5b9c8e41-25d2-436d-89bb-9aecb9ec2b80, $$NEWPATH$$/SpSqBi15itpro/cloud-adoption-and-hybrid-solutions/security-solutions/secure-sharepoint-online-sites-and-files/protect-sharepoint-online-files-with-azure-information-protection
sensitive-file-protection-in-the-office-365-dev-test-environment, 27ecff45-06a6-4629-bc45-9dab4eef3a21, $$CURRENTPATH$/27ecff45-06a6-4629-bc45-9dab4eef3a21, $$NEWPATH$$/SpSqBi15itpro/cloud-adoption-and-hybrid-solutions/cloud-adoption-test-lab-guides-tlgs/office-365-dev-test-environment/sensitive-file-protection-in-the-office-365-dev-test-environment
high-availability-federated-authentication-phase-2-configure-domain-controllers, 6b0eff4c-2c5e-4581-8393-a36f7b36a72f, $$CURRENTPATH$/6b0eff4c-2c5e-4581-8393-a36f7b36a72f, $$NEWPATH$$/SpSqBi15itpro/cloud-adoption-and-hybrid-solutions/hybrid-solutions/deploy-high-availability-federated-authentication-for-office-365-in-azure/high-availability-federated-authentication-phase-2-configure-domain-controllers
high-availability-federated-authentication-phase-3-configure-ad-fs-servers, 202b76ff-74a6-4486-ada1-a9bf099dab8f, $$CURRENTPATH$/202b76ff-74a6-4486-ada1-a9bf099dab8f, $$NEWPATH$$/SpSqBi15itpro/cloud-adoption-and-hybrid-solutions/hybrid-solutions/deploy-high-availability-federated-authentication-for-office-365-in-azure/high-availability-federated-authentication-phase-3-configure-ad-fs-servers
architecture-of-microsoft-hybrid-cloud-scenarios, 06d8c959-39e5-4150-b1ae-aaf0eee4c058, $$CURRENTPATH$/06d8c959-39e5-4150-b1ae-aaf0eee4c058, $$NEWPATH$$/SpSqBi15itpro/cloud-adoption-and-hybrid-solutions/microsoft-cloud-it-architecture-resources/microsoft-hybrid-cloud-for-enterprise-architects/architecture-of-microsoft-hybrid-cloud-scenarios
hybrid-solutions, e9b8e065-2750-4534-9d39-aafd51a2a4e2, $$CURRENTPATH$/e9b8e065-2750-4534-9d39-aafd51a2a4e2, $$NEWPATH$$/SpSqBi15itpro/cloud-adoption-and-hybrid-solutions/hybrid-solutions/hybrid-solutions
cloud-adoption-test-lab-guides-tlgs, 706d5449-45e5-4b0c-a012-ab60501899ad, $$CURRENTPATH$/706d5449-45e5-4b0c-a012-ab60501899ad, $$NEWPATH$$/SpSqBi15itpro/cloud-adoption-and-hybrid-solutions/cloud-adoption-test-lab-guides-tlgs/cloud-adoption-test-lab-guides-tlgs
designing-storage-for-the-microsoft-cloud, 7e511118-1b75-413a-b959-ad0d3ffc9516, $$CURRENTPATH$/7e511118-1b75-413a-b959-ad0d3ffc9516, $$NEWPATH$$/SpSqBi15itpro/cloud-adoption-and-hybrid-solutions/microsoft-cloud-it-architecture-resources/microsoft-cloud-storage-for-enterprise-architects/designing-storage-for-the-microsoft-cloud
identity-for-the-contoso-corporation, 78a407e4-2d8b-4561-b308-b22c95f60eeb, $$CURRENTPATH$/78a407e4-2d8b-4561-b308-b22c95f60eeb, $$NEWPATH$$/SpSqBi15itpro/cloud-adoption-and-hybrid-solutions/microsoft-cloud-it-architecture-resources/contoso-in-the-microsoft-cloud/identity-for-the-contoso-corporation
designing-networking-for-microsoft-azure-paas, 19568184-705b-493b-b713-b484367adba9, $$CURRENTPATH$/19568184-705b-493b-b713-b484367adba9, $$NEWPATH$$/SpSqBi15itpro/cloud-adoption-and-hybrid-solutions/microsoft-cloud-it-architecture-resources/microsoft-cloud-networking-for-enterprise-architects/designing-networking-for-microsoft-azure-paas
security-for-the-contoso-corporation, 8f6f9894-5394-4110-8b0a-b8765028c10b, $$CURRENTPATH$/8f6f9894-5394-4110-8b0a-b8765028c10b, $$NEWPATH$$/SpSqBi15itpro/cloud-adoption-and-hybrid-solutions/microsoft-cloud-it-architecture-resources/contoso-in-the-microsoft-cloud/security-for-the-contoso-corporation
isolated-sharepoint-online-team-sites, 71250a04-fd2d-4c3c-a32b-b8a838b19a54, $$CURRENTPATH$/71250a04-fd2d-4c3c-a32b-b8a838b19a54, $$NEWPATH$$/SpSqBi15itpro/cloud-adoption-and-hybrid-solutions/security-solutions/isolated-sharepoint-online-team-sites/isolated-sharepoint-online-team-sites
design-an-isolated-sharepoint-online-team-site, 775a4e9e-3135-4a48-b32f-bbdd9f2bd0aa, $$CURRENTPATH$/775a4e9e-3135-4a48-b32f-bbdd9f2bd0aa, $$NEWPATH$$/SpSqBi15itpro/cloud-adoption-and-hybrid-solutions/security-solutions/isolated-sharepoint-online-team-sites/design-an-isolated-sharepoint-online-team-site
hybrid-cloud-scenarios-for-azure-paas, 5f4f5d0d-4638-48e8-a517-bd804856b617, $$CURRENTPATH$/5f4f5d0d-4638-48e8-a517-bd804856b617, $$NEWPATH$$/SpSqBi15itpro/cloud-adoption-and-hybrid-solutions/microsoft-cloud-it-architecture-resources/microsoft-hybrid-cloud-for-enterprise-architects/hybrid-cloud-scenarios-for-azure-paas
microsoft-azure-architectures-for-sharepoint-2013, 98fc1006-9399-4ff0-a216-c7c05820d822, $$CURRENTPATH$/98fc1006-9399-4ff0-a216-c7c05820d822, $$NEWPATH$$/SpSqBi15itpro/cloud-adoption-and-hybrid-solutions/hybrid-solutions/microsoft-azure-architectures-for-sharepoint-2013
dirsync-for-your-office-365-dev-test-environment, e6b27e25-74ae-4b54-9421-c8e911aef543, $$CURRENTPATH$/e6b27e25-74ae-4b54-9421-c8e911aef543, $$NEWPATH$$/SpSqBi15itpro/cloud-adoption-and-hybrid-solutions/cloud-adoption-test-lab-guides-tlgs/office-365-dev-test-environment/dirsync-for-your-office-365-dev-test-environment
advanced-threat-protection-for-your-office-365-dev-test-environment, 51019757-20ac-498c-b51e-cae6d41a8c08, $$CURRENTPATH$/51019757-20ac-498c-b51e-cae6d41a8c08, $$NEWPATH$$/SpSqBi15itpro/cloud-adoption-and-hybrid-solutions/cloud-adoption-test-lab-guides-tlgs/office-365-dev-test-environment/advanced-threat-protection-for-your-office-365-dev-test-environment
sharepoint-server-2013-disaster-recovery-in-microsoft-azure, e9d14cb2-ff28-4a18-a444-cebf891880ea, $$CURRENTPATH$/e9d14cb2-ff28-4a18-a444-cebf891880ea, $$NEWPATH$$/SpSqBi15itpro/cloud-adoption-and-hybrid-solutions/hybrid-solutions/sharepoint-server-2013-disaster-recovery-in-microsoft-azure
high-availability-federated-authentication-phase-4-configure-web-application-pro, 1c903173-67cd-47da-86d9-d333972dda80, $$CURRENTPATH$/1c903173-67cd-47da-86d9-d333972dda80, $$NEWPATH$$/SpSqBi15itpro/cloud-adoption-and-hybrid-solutions/hybrid-solutions/deploy-high-availability-federated-authentication-for-office-365-in-azure/high-availability-federated-authentication-phase-4-configure-web-application-pro
internet-sites-in-microsoft-azure-using-sharepoint-server-2013, 0d93ff4a-8fbd-42b8-9227-d817dba0046d, $$CURRENTPATH$/0d93ff4a-8fbd-42b8-9227-d817dba0046d, $$NEWPATH$$/SpSqBi15itpro/cloud-adoption-and-hybrid-solutions/hybrid-solutions/internet-sites-in-microsoft-azure-using-sharepoint-server-2013
subscriptions-licenses-and-user-accounts-for-the-contoso-corporation, ec3b08f0-288c-4ba3-b822-dbf6352fa761, $$CURRENTPATH$/ec3b08f0-288c-4ba3-b822-dbf6352fa761, $$NEWPATH$$/SpSqBi15itpro/cloud-adoption-and-hybrid-solutions/microsoft-cloud-it-architecture-resources/contoso-in-the-microsoft-cloud/subscriptions-licenses-and-user-accounts-for-the-contoso-corporation
base-configuration-dev-test-environment, 6fcbb50c-ac68-4be7-9fc5-dd0f275c1e3d, $$CURRENTPATH$/6fcbb50c-ac68-4be7-9fc5-dd0f275c1e3d, $$NEWPATH$$/SpSqBi15itpro/cloud-adoption-and-hybrid-solutions/cloud-adoption-test-lab-guides-tlgs/base-configuration-dev-test-environment
protect-sharepoint-online-files-with-office-365-labels-and-dlp, c9f837af-8d71-4df1-a285-dedb1c5618b3, $$CURRENTPATH$/c9f837af-8d71-4df1-a285-dedb1c5618b3, $$NEWPATH$$/SpSqBi15itpro/cloud-adoption-and-hybrid-solutions/security-solutions/secure-sharepoint-online-sites-and-files/protect-sharepoint-online-files-with-office-365-labels-and-dlp
using-microsoft-azure-active-directory-for-sharepoint-2013-authentication, bef810a4-53f6-4962-878e-e20b5019baeb, $$CURRENTPATH$/bef810a4-53f6-4962-878e-e20b5019baeb, $$NEWPATH$$/SpSqBi15itpro/cloud-adoption-and-hybrid-solutions/hybrid-solutions/using-microsoft-azure-active-directory-for-sharepoint-2013-authentication
deploy-high-availability-federated-authentication-for-office-365-in-azure, 34b1ab9c-814c-434d-8fd0-e5a82cd9bff6, $$CURRENTPATH$/34b1ab9c-814c-434d-8fd0-e5a82cd9bff6, $$NEWPATH$$/SpSqBi15itpro/cloud-adoption-and-hybrid-solutions/hybrid-solutions/deploy-high-availability-federated-authentication-for-office-365-in-azure/deploy-high-availability-federated-authentication-for-office-365-in-azure
microsoft-hybrid-cloud-for-enterprise-architects, 54deae50-9442-4b6a-bd86-e5edb0ec6d74, $$CURRENTPATH$/54deae50-9442-4b6a-bd86-e5edb0ec6d74, $$NEWPATH$$/SpSqBi15itpro/cloud-adoption-and-hybrid-solutions/microsoft-cloud-it-architecture-resources/microsoft-hybrid-cloud-for-enterprise-architects/microsoft-hybrid-cloud-for-enterprise-architects
hybrid-cloud-scenarios-for-azure-iaas, 978f2b76-5aba-4e11-9434-f0efda987be1, $$CURRENTPATH$/978f2b76-5aba-4e11-9434-f0efda987be1, $$NEWPATH$$/SpSqBi15itpro/cloud-adoption-and-hybrid-solutions/microsoft-cloud-it-architecture-resources/microsoft-hybrid-cloud-for-enterprise-architects/hybrid-cloud-scenarios-for-azure-iaas
hybrid-cloud-overview, 3ea3ee10-411e-4690-b9e5-f1b46f1f4d59, $$CURRENTPATH$/3ea3ee10-411e-4690-b9e5-f1b46f1f4d59, $$NEWPATH$$/SpSqBi15itpro/cloud-adoption-and-hybrid-solutions/microsoft-cloud-it-architecture-resources/microsoft-hybrid-cloud-for-enterprise-architects/hybrid-cloud-overview
cloud-adoption-and-hybrid-solutions, be3a216c-af59-4c7f-929f-f2351fde5618, $$CURRENTPATH$/be3a216c-af59-4c7f-929f-f2351fde5618, $$NEWPATH$$/SpSqBi15itpro/cloud-adoption-and-hybrid-solutions/cloud-adoption-and-hybrid-solutions
moving-historical-transaction-data-to-the-cloud, 3e9c405a-415b-4584-aa7e-f2489299c457, $$CURRENTPATH$/3e9c405a-415b-4584-aa7e-f2489299c457, $$NEWPATH$$/SpSqBi15itpro/cloud-adoption-and-hybrid-solutions/microsoft-cloud-it-architecture-resources/contoso-in-the-microsoft-cloud/moving-historical-transaction-data-to-the-cloud
some-assembly-required, ccf1b8b3-0d50-4c66-b314-f480245fad5e, $$CURRENTPATH$/ccf1b8b3-0d50-4c66-b314-f480245fad5e, $$NEWPATH$$/SpSqBi15itpro/cloud-adoption-and-hybrid-solutions/microsoft-cloud-it-architecture-resources/microsoft-cloud-storage-for-enterprise-architects/some-assembly-required
deploy-an-isolated-sharepoint-online-team-site, 3033614b-e23b-4f68-9701-f62525eafaab, $$CURRENTPATH$/3033614b-e23b-4f68-9701-f62525eafaab, $$NEWPATH$$/SpSqBi15itpro/cloud-adoption-and-hybrid-solutions/security-solutions/isolated-sharepoint-online-team-sites/deploy-an-isolated-sharepoint-online-team-site
microsoft-cloud-it-architecture-resources, 28986107-e2fb-4116-bfdd-f66d751a7c16, $$CURRENTPATH$/28986107-e2fb-4116-bfdd-f66d751a7c16, $$NEWPATH$$/SpSqBi15itpro/cloud-adoption-and-hybrid-solutions/microsoft-cloud-it-architecture-resources/microsoft-cloud-it-architecture-resources
secure-sharepoint-online-sites-in-a-dev-test-environment, 06af70f3-e7dc-4ee2-a385-fb4d61a5e93b, $$CURRENTPATH$/06af70f3-e7dc-4ee2-a385-fb4d61a5e93b, $$NEWPATH$$/SpSqBi15itpro/cloud-adoption-and-hybrid-solutions/security-solutions/secure-sharepoint-online-sites-and-files/secure-sharepoint-online-sites-in-a-dev-test-environment
microsoft-cloud-storage-for-enterprise-architects, c37a4365-b350-4856-a0a8-ff5dfe005af1, $$CURRENTPATH$/c37a4365-b350-4856-a0a8-ff5dfe005af1, $$NEWPATH$$/SpSqBi15itpro/cloud-adoption-and-hybrid-solutions/microsoft-cloud-it-architecture-resources/microsoft-cloud-storage-for-enterprise-architects/microsoft-cloud-storage-for-enterprise-architects
